LogS,Temperature (K),Drug,Solvent_1,Solvent_2,SMILES_1,SMILES_2,comp_1,comp_2
-2.2048,278.15,Clozapine,2-Propanol,Water,OC(C)C,O,3.2246,96.7754
-2.0817,283.15,Clozapine,2-Propanol,Water,OC(C)C,O,3.2246,96.7754
-1.9664,288.15,Clozapine,2-Propanol,Water,OC(C)C,O,3.2246,96.7754
-1.8525,293.15,Clozapine,2-Propanol,Water,OC(C)C,O,3.2246,96.7754
-1.7387,298.15,Clozapine,2-Propanol,Water,OC(C)C,O,3.2246,96.7754
-1.632,303.15,Clozapine,2-Propanol,Water,OC(C)C,O,3.2246,96.7754
-1.5253,308.15,Clozapine,2-Propanol,Water,OC(C)C,O,3.2246,96.7754
-1.4344,313.15,Clozapine,2-Propanol,Water,OC(C)C,O,3.2246,96.7754
-1.3359,318.15,Clozapine,2-Propanol,Water,OC(C)C,O,3.2246,96.7754
-1.2394,323.15,Clozapine,2-Propanol,Water,OC(C)C,O,3.2246,96.7754
-1.1489,328.15,Clozapine,2-Propanol,Water,OC(C)C,O,3.2246,96.7754
-1.6428,278.15,Clozapine,2-Propanol,Water,OC(C)C,O,6.9743,93.0257
-1.5371,283.15,Clozapine,2-Propanol,Water,OC(C)C,O,6.9743,93.0257
-1.4307,288.15,Clozapine,2-Propanol,Water,OC(C)C,O,6.9743,93.0257
-1.3255,293.15,Clozapine,2-Propanol,Water,OC(C)C,O,6.9743,93.0257
-1.2222,298.15,Clozapine,2-Propanol,Water,OC(C)C,O,6.9743,93.0257
-1.1351,303.15,Clozapine,2-Propanol,Water,OC(C)C,O,6.9743,93.0257
-1.0368,308.15,Clozapine,2-Propanol,Water,OC(C)C,O,6.9743,93.0257
-0.949,313.15,Clozapine,2-Propanol,Water,OC(C)C,O,6.9743,93.0257
-0.8648,318.15,Clozapine,2-Propanol,Water,OC(C)C,O,6.9743,93.0257
-0.7802,323.15,Clozapine,2-Propanol,Water,OC(C)C,O,6.9743,93.0257
-0.6919,328.15,Clozapine,2-Propanol,Water,OC(C)C,O,6.9743,93.0257
-1.2049,278.15,Clozapine,2-Propanol,Water,OC(C)C,O,11.3887,88.6113
-1.111,283.15,Clozapine,2-Propanol,Water,OC(C)C,O,11.3887,88.6113
-1.0179,288.15,Clozapine,2-Propanol,Water,OC(C)C,O,11.3887,88.6113
-0.9314,293.15,Clozapine,2-Propanol,Water,OC(C)C,O,11.3887,88.6113
-0.8425,298.15,Clozapine,2-Propanol,Water,OC(C)C,O,11.3887,88.6113
-0.7668,303.15,Clozapine,2-Propanol,Water,OC(C)C,O,11.3887,88.6113
-0.6837,308.15,Clozapine,2-Propanol,Water,OC(C)C,O,11.3887,88.6113
-0.6045,313.15,Clozapine,2-Propanol,Water,OC(C)C,O,11.3887,88.6113
-0.5306,318.15,Clozapine,2-Propanol,Water,OC(C)C,O,11.3887,88.6113
-0.4632,323.15,Clozapine,2-Propanol,Water,OC(C)C,O,11.3887,88.6113
-0.3906,328.15,Clozapine,2-Propanol,Water,OC(C)C,O,11.3887,88.6113
-0.8713,278.15,Clozapine,2-Propanol,Water,OC(C)C,O,16.6615,83.3385
-0.7851,283.15,Clozapine,2-Propanol,Water,OC(C)C,O,16.6615,83.3385
-0.7007,288.15,Clozapine,2-Propanol,Water,OC(C)C,O,16.6615,83.3385
-0.6243,293.15,Clozapine,2-Propanol,Water,OC(C)C,O,16.6615,83.3385
-0.5479,298.15,Clozapine,2-Propanol,Water,OC(C)C,O,16.6615,83.3385
-0.4742,303.15,Clozapine,2-Propanol,Water,OC(C)C,O,16.6615,83.3385
-0.3993,308.15,Clozapine,2-Propanol,Water,OC(C)C,O,16.6615,83.3385
-0.326,313.15,Clozapine,2-Propanol,Water,OC(C)C,O,16.6615,83.3385
-0.2577,318.15,Clozapine,2-Propanol,Water,OC(C)C,O,16.6615,83.3385
-0.1925,323.15,Clozapine,2-Propanol,Water,OC(C)C,O,16.6615,83.3385
-0.1313,328.15,Clozapine,2-Propanol,Water,OC(C)C,O,16.6615,83.3385
-0.6208,278.15,Clozapine,2-Propanol,Water,OC(C)C,O,23.0703,76.9297
-0.5398,283.15,Clozapine,2-Propanol,Water,OC(C)C,O,23.0703,76.9297
-0.4556,288.15,Clozapine,2-Propanol,Water,OC(C)C,O,23.0703,76.9297
-0.3796,293.15,Clozapine,2-Propanol,Water,OC(C)C,O,23.0703,76.9297
-0.3074,298.15,Clozapine,2-Propanol,Water,OC(C)C,O,23.0703,76.9297
-0.238,303.15,Clozapine,2-Propanol,Water,OC(C)C,O,23.0703,76.9297
-0.1708,308.15,Clozapine,2-Propanol,Water,OC(C)C,O,23.0703,76.9297
-0.0954,313.15,Clozapine,2-Propanol,Water,OC(C)C,O,23.0703,76.9297
-0.0346,318.15,Clozapine,2-Propanol,Water,OC(C)C,O,23.0703,76.9297
0.0294,323.15,Clozapine,2-Propanol,Water,OC(C)C,O,23.0703,76.9297
0.0903,328.15,Clozapine,2-Propanol,Water,OC(C)C,O,23.0703,76.9297
-0.4057,278.15,Clozapine,2-Propanol,Water,OC(C)C,O,31.0265,68.9735
-0.3349,283.15,Clozapine,2-Propanol,Water,OC(C)C,O,31.0265,68.9735
-0.2464,288.15,Clozapine,2-Propanol,Water,OC(C)C,O,31.0265,68.9735
-0.1812,293.15,Clozapine,2-Propanol,Water,OC(C)C,O,31.0265,68.9735
-0.1072,298.15,Clozapine,2-Propanol,Water,OC(C)C,O,31.0265,68.9735
-0.0377,303.15,Clozapine,2-Propanol,Water,OC(C)C,O,31.0265,68.9735
0.0252,308.15,Clozapine,2-Propanol,Water,OC(C)C,O,31.0265,68.9735
0.0861,313.15,Clozapine,2-Propanol,Water,OC(C)C,O,31.0265,68.9735
0.1527,318.15,Clozapine,2-Propanol,Water,OC(C)C,O,31.0265,68.9735
0.2115,323.15,Clozapine,2-Propanol,Water,OC(C)C,O,31.0265,68.9735
0.2665,328.15,Clozapine,2-Propanol,Water,OC(C)C,O,31.0265,68.9735
-0.2528,278.15,Clozapine,2-Propanol,Water,OC(C)C,O,41.1675,58.8325
-0.1757,283.15,Clozapine,2-Propanol,Water,OC(C)C,O,41.1675,58.8325
-0.1074,288.15,Clozapine,2-Propanol,Water,OC(C)C,O,41.1675,58.8325
-0.0301,293.15,Clozapine,2-Propanol,Water,OC(C)C,O,41.1675,58.8325
0.0367,298.15,Clozapine,2-Propanol,Water,OC(C)C,O,41.1675,58.8325
0.0982,303.15,Clozapine,2-Propanol,Water,OC(C)C,O,41.1675,58.8325
0.1667,308.15,Clozapine,2-Propanol,Water,OC(C)C,O,41.1675,58.8325
0.2283,313.15,Clozapine,2-Propanol,Water,OC(C)C,O,41.1675,58.8325
0.2898,318.15,Clozapine,2-Propanol,Water,OC(C)C,O,41.1675,58.8325
0.3453,323.15,Clozapine,2-Propanol,Water,OC(C)C,O,41.1675,58.8325
0.4037,328.15,Clozapine,2-Propanol,Water,OC(C)C,O,41.1675,58.8325
-0.106,278.15,Clozapine,2-Propanol,Water,OC(C)C,O,54.5362,45.4638
-0.0389,283.15,Clozapine,2-Propanol,Water,OC(C)C,O,54.5362,45.4638
0.0326,288.15,Clozapine,2-Propanol,Water,OC(C)C,O,54.5362,45.4638
0.1027,293.15,Clozapine,2-Propanol,Water,OC(C)C,O,54.5362,45.4638
0.1677,298.15,Clozapine,2-Propanol,Water,OC(C)C,O,54.5362,45.4638
0.2359,303.15,Clozapine,2-Propanol,Water,OC(C)C,O,54.5362,45.4638
0.2913,308.15,Clozapine,2-Propanol,Water,OC(C)C,O,54.5362,45.4638
0.3499,313.15,Clozapine,2-Propanol,Water,OC(C)C,O,54.5362,45.4638
0.4115,318.15,Clozapine,2-Propanol,Water,OC(C)C,O,54.5362,45.4638
0.4656,323.15,Clozapine,2-Propanol,Water,OC(C)C,O,54.5362,45.4638
0.5226,328.15,Clozapine,2-Propanol,Water,OC(C)C,O,54.5362,45.4638
-0.0192,278.15,Clozapine,2-Propanol,Water,OC(C)C,O,72.9656,27.0344
0.0527,283.15,Clozapine,2-Propanol,Water,OC(C)C,O,72.9656,27.0344
0.1218,288.15,Clozapine,2-Propanol,Water,OC(C)C,O,72.9656,27.0344
0.1867,293.15,Clozapine,2-Propanol,Water,OC(C)C,O,72.9656,27.0344
0.2494,298.15,Clozapine,2-Propanol,Water,OC(C)C,O,72.9656,27.0344
0.3157,303.15,Clozapine,2-Propanol,Water,OC(C)C,O,72.9656,27.0344
0.3745,308.15,Clozapine,2-Propanol,Water,OC(C)C,O,72.9656,27.0344
0.4275,313.15,Clozapine,2-Propanol,Water,OC(C)C,O,72.9656,27.0344
0.4861,318.15,Clozapine,2-Propanol,Water,OC(C)C,O,72.9656,27.0344
0.5374,323.15,Clozapine,2-Propanol,Water,OC(C)C,O,72.9656,27.0344
0.5917,328.15,Clozapine,2-Propanol,Water,OC(C)C,O,72.9656,27.0344
0.0352,278.15,Clozapine,2-Propanol,Water,OC(C)C,O,100,0
0.0985,283.15,Clozapine,2-Propanol,Water,OC(C)C,O,100,0
0.1631,288.15,Clozapine,2-Propanol,Water,OC(C)C,O,100,0
0.226,293.15,Clozapine,2-Propanol,Water,OC(C)C,O,100,0
0.2846,298.15,Clozapine,2-Propanol,Water,OC(C)C,O,100,0
0.3417,303.15,Clozapine,2-Propanol,Water,OC(C)C,O,100,0
0.4027,308.15,Clozapine,2-Propanol,Water,OC(C)C,O,100,0
0.46,313.15,Clozapine,2-Propanol,Water,OC(C)C,O,100,0
0.5207,318.15,Clozapine,2-Propanol,Water,OC(C)C,O,100,0
0.5713,323.15,Clozapine,2-Propanol,Water,OC(C)C,O,100,0
0.6247,328.15,Clozapine,2-Propanol,Water,OC(C)C,O,100,0
-2.2846,278.15,Clozapine,Acetonitrile,Water,N#CC,O,4.6509,95.3491
-2.1605,283.15,Clozapine,Acetonitrile,Water,N#CC,O,4.6509,95.3491
-2.0432,288.15,Clozapine,Acetonitrile,Water,N#CC,O,4.6509,95.3491
-1.9251,293.15,Clozapine,Acetonitrile,Water,N#CC,O,4.6509,95.3491
-1.8205,298.15,Clozapine,Acetonitrile,Water,N#CC,O,4.6509,95.3491
-1.7146,303.15,Clozapine,Acetonitrile,Water,N#CC,O,4.6509,95.3491
-1.6071,308.15,Clozapine,Acetonitrile,Water,N#CC,O,4.6509,95.3491
-1.5116,313.15,Clozapine,Acetonitrile,Water,N#CC,O,4.6509,95.3491
-1.4158,318.15,Clozapine,Acetonitrile,Water,N#CC,O,4.6509,95.3491
-1.3254,323.15,Clozapine,Acetonitrile,Water,N#CC,O,4.6509,95.3491
-1.2293,328.15,Clozapine,Acetonitrile,Water,N#CC,O,4.6509,95.3491
-1.6826,278.15,Clozapine,Acetonitrile,Water,N#CC,O,9.8896,90.1104
-1.5772,283.15,Clozapine,Acetonitrile,Water,N#CC,O,9.8896,90.1104
-1.4691,288.15,Clozapine,Acetonitrile,Water,N#CC,O,9.8896,90.1104
-1.3646,293.15,Clozapine,Acetonitrile,Water,N#CC,O,9.8896,90.1104
-1.2743,298.15,Clozapine,Acetonitrile,Water,N#CC,O,9.8896,90.1104
-1.1792,303.15,Clozapine,Acetonitrile,Water,N#CC,O,9.8896,90.1104
-1.0802,308.15,Clozapine,Acetonitrile,Water,N#CC,O,9.8896,90.1104
-0.9969,313.15,Clozapine,Acetonitrile,Water,N#CC,O,9.8896,90.1104
-0.9089,318.15,Clozapine,Acetonitrile,Water,N#CC,O,9.8896,90.1104
-0.8243,323.15,Clozapine,Acetonitrile,Water,N#CC,O,9.8896,90.1104
-0.7488,328.15,Clozapine,Acetonitrile,Water,N#CC,O,9.8896,90.1104
-1.325,278.15,Clozapine,Acetonitrile,Water,N#CC,O,15.835,84.165
-1.2301,283.15,Clozapine,Acetonitrile,Water,N#CC,O,15.835,84.165
-1.1336,288.15,Clozapine,Acetonitrile,Water,N#CC,O,15.835,84.165
-1.0435,293.15,Clozapine,Acetonitrile,Water,N#CC,O,15.835,84.165
-0.9544,298.15,Clozapine,Acetonitrile,Water,N#CC,O,15.835,84.165
-0.8683,303.15,Clozapine,Acetonitrile,Water,N#CC,O,15.835,84.165
-0.785,308.15,Clozapine,Acetonitrile,Water,N#CC,O,15.835,84.165
-0.7067,313.15,Clozapine,Acetonitrile,Water,N#CC,O,15.835,84.165
-0.6325,318.15,Clozapine,Acetonitrile,Water,N#CC,O,15.835,84.165
-0.5508,323.15,Clozapine,Acetonitrile,Water,N#CC,O,15.835,84.165
-0.4748,328.15,Clozapine,Acetonitrile,Water,N#CC,O,15.835,84.165
-0.9458,278.15,Clozapine,Acetonitrile,Water,N#CC,O,22.6404,77.3596
-0.8594,283.15,Clozapine,Acetonitrile,Water,N#CC,O,22.6404,77.3596
-0.7747,288.15,Clozapine,Acetonitrile,Water,N#CC,O,22.6404,77.3596
-0.6986,293.15,Clozapine,Acetonitrile,Water,N#CC,O,22.6404,77.3596
-0.6225,298.15,Clozapine,Acetonitrile,Water,N#CC,O,22.6404,77.3596
-0.5489,303.15,Clozapine,Acetonitrile,Water,N#CC,O,22.6404,77.3596
-0.4733,308.15,Clozapine,Acetonitrile,Water,N#CC,O,22.6404,77.3596
-0.4002,313.15,Clozapine,Acetonitrile,Water,N#CC,O,22.6404,77.3596
-0.3322,318.15,Clozapine,Acetonitrile,Water,N#CC,O,22.6404,77.3596
-0.2663,323.15,Clozapine,Acetonitrile,Water,N#CC,O,22.6404,77.3596
-0.2044,328.15,Clozapine,Acetonitrile,Water,N#CC,O,22.6404,77.3596
-0.6829,278.15,Clozapine,Acetonitrile,Water,N#CC,O,30.5072,69.4928
-0.6048,283.15,Clozapine,Acetonitrile,Water,N#CC,O,30.5072,69.4928
-0.5284,288.15,Clozapine,Acetonitrile,Water,N#CC,O,30.5072,69.4928
-0.4592,293.15,Clozapine,Acetonitrile,Water,N#CC,O,30.5072,69.4928
-0.3873,298.15,Clozapine,Acetonitrile,Water,N#CC,O,30.5072,69.4928
-0.3182,303.15,Clozapine,Acetonitrile,Water,N#CC,O,30.5072,69.4928
-0.2535,308.15,Clozapine,Acetonitrile,Water,N#CC,O,30.5072,69.4928
-0.1921,313.15,Clozapine,Acetonitrile,Water,N#CC,O,30.5072,69.4928
-0.1275,318.15,Clozapine,Acetonitrile,Water,N#CC,O,30.5072,69.4928
-0.068,323.15,Clozapine,Acetonitrile,Water,N#CC,O,30.5072,69.4928
-0.0067,328.15,Clozapine,Acetonitrile,Water,N#CC,O,30.5072,69.4928
-0.4365,278.15,Clozapine,Acetonitrile,Water,N#CC,O,39.7044,60.2956
-0.3655,283.15,Clozapine,Acetonitrile,Water,N#CC,O,39.7044,60.2956
-0.2946,288.15,Clozapine,Acetonitrile,Water,N#CC,O,39.7044,60.2956
-0.2296,293.15,Clozapine,Acetonitrile,Water,N#CC,O,39.7044,60.2956
-0.1661,298.15,Clozapine,Acetonitrile,Water,N#CC,O,39.7044,60.2956
-0.0999,303.15,Clozapine,Acetonitrile,Water,N#CC,O,39.7044,60.2956
-0.0408,308.15,Clozapine,Acetonitrile,Water,N#CC,O,39.7044,60.2956
0.0202,313.15,Clozapine,Acetonitrile,Water,N#CC,O,39.7044,60.2956
0.0757,318.15,Clozapine,Acetonitrile,Water,N#CC,O,39.7044,60.2956
0.1289,323.15,Clozapine,Acetonitrile,Water,N#CC,O,39.7044,60.2956
0.1841,328.15,Clozapine,Acetonitrile,Water,N#CC,O,39.7044,60.2956
-0.2151,278.15,Clozapine,Acetonitrile,Water,N#CC,O,50.6009,49.3991
-0.1506,283.15,Clozapine,Acetonitrile,Water,N#CC,O,50.6009,49.3991
-0.0876,288.15,Clozapine,Acetonitrile,Water,N#CC,O,50.6009,49.3991
-0.0277,293.15,Clozapine,Acetonitrile,Water,N#CC,O,50.6009,49.3991
0.0332,298.15,Clozapine,Acetonitrile,Water,N#CC,O,50.6009,49.3991
0.086,303.15,Clozapine,Acetonitrile,Water,N#CC,O,50.6009,49.3991
0.1419,308.15,Clozapine,Acetonitrile,Water,N#CC,O,50.6009,49.3991
0.1919,313.15,Clozapine,Acetonitrile,Water,N#CC,O,50.6009,49.3991
0.2422,318.15,Clozapine,Acetonitrile,Water,N#CC,O,50.6009,49.3991
0.2919,323.15,Clozapine,Acetonitrile,Water,N#CC,O,50.6009,49.3991
0.3388,328.15,Clozapine,Acetonitrile,Water,N#CC,O,50.6009,49.3991
-0.0441,278.15,Clozapine,Acetonitrile,Water,N#CC,O,63.7154,36.2846
0.0163,283.15,Clozapine,Acetonitrile,Water,N#CC,O,63.7154,36.2846
0.0733,288.15,Clozapine,Acetonitrile,Water,N#CC,O,63.7154,36.2846
0.1287,293.15,Clozapine,Acetonitrile,Water,N#CC,O,63.7154,36.2846
0.1768,298.15,Clozapine,Acetonitrile,Water,N#CC,O,63.7154,36.2846
0.23,303.15,Clozapine,Acetonitrile,Water,N#CC,O,63.7154,36.2846
0.2825,308.15,Clozapine,Acetonitrile,Water,N#CC,O,63.7154,36.2846
0.3243,313.15,Clozapine,Acetonitrile,Water,N#CC,O,63.7154,36.2846
0.3742,318.15,Clozapine,Acetonitrile,Water,N#CC,O,63.7154,36.2846
0.4193,323.15,Clozapine,Acetonitrile,Water,N#CC,O,63.7154,36.2846
0.4621,328.15,Clozapine,Acetonitrile,Water,N#CC,O,63.7154,36.2846
0.0883,278.15,Clozapine,Acetonitrile,Water,N#CC,O,79.802,20.198
0.1422,283.15,Clozapine,Acetonitrile,Water,N#CC,O,79.802,20.198
0.1903,288.15,Clozapine,Acetonitrile,Water,N#CC,O,79.802,20.198
0.2379,293.15,Clozapine,Acetonitrile,Water,N#CC,O,79.802,20.198
0.289,298.15,Clozapine,Acetonitrile,Water,N#CC,O,79.802,20.198
0.3347,303.15,Clozapine,Acetonitrile,Water,N#CC,O,79.802,20.198
0.3784,308.15,Clozapine,Acetonitrile,Water,N#CC,O,79.802,20.198
0.4213,313.15,Clozapine,Acetonitrile,Water,N#CC,O,79.802,20.198
0.4641,318.15,Clozapine,Acetonitrile,Water,N#CC,O,79.802,20.198
0.5049,323.15,Clozapine,Acetonitrile,Water,N#CC,O,79.802,20.198
0.5423,328.15,Clozapine,Acetonitrile,Water,N#CC,O,79.802,20.198
0.2013,278.15,Clozapine,Acetonitrile,Water,N#CC,O,100,0
0.249,283.15,Clozapine,Acetonitrile,Water,N#CC,O,100,0
0.2964,288.15,Clozapine,Acetonitrile,Water,N#CC,O,100,0
0.3402,293.15,Clozapine,Acetonitrile,Water,N#CC,O,100,0
0.3867,298.15,Clozapine,Acetonitrile,Water,N#CC,O,100,0
0.4315,303.15,Clozapine,Acetonitrile,Water,N#CC,O,100,0
0.4716,308.15,Clozapine,Acetonitrile,Water,N#CC,O,100,0
0.5104,313.15,Clozapine,Acetonitrile,Water,N#CC,O,100,0
0.5478,318.15,Clozapine,Acetonitrile,Water,N#CC,O,100,0
0.5829,323.15,Clozapine,Acetonitrile,Water,N#CC,O,100,0
0.6155,328.15,Clozapine,Acetonitrile,Water,N#CC,O,100,0
-2.0413,278.15,Clozapine,N-methyl-2-pyrrolidone,Water,O=C1N(C)CCC1,O,1.98,98.02
-1.9014,283.15,Clozapine,N-methyl-2-pyrrolidone,Water,O=C1N(C)CCC1,O,1.98,98.02
-1.7614,288.15,Clozapine,N-methyl-2-pyrrolidone,Water,O=C1N(C)CCC1,O,1.98,98.02
-1.6416,293.15,Clozapine,N-methyl-2-pyrrolidone,Water,O=C1N(C)CCC1,O,1.98,98.02
-1.4979,298.15,Clozapine,N-methyl-2-pyrrolidone,Water,O=C1N(C)CCC1,O,1.98,98.02
-1.3737,303.15,Clozapine,N-methyl-2-pyrrolidone,Water,O=C1N(C)CCC1,O,1.98,98.02
-1.2617,308.15,Clozapine,N-methyl-2-pyrrolidone,Water,O=C1N(C)CCC1,O,1.98,98.02
-1.1487,313.15,Clozapine,N-methyl-2-pyrrolidone,Water,O=C1N(C)CCC1,O,1.98,98.02
-1.0365,318.15,Clozapine,N-methyl-2-pyrrolidone,Water,O=C1N(C)CCC1,O,1.98,98.02
-0.921,323.15,Clozapine,N-methyl-2-pyrrolidone,Water,O=C1N(C)CCC1,O,1.98,98.02
-0.8108,328.15,Clozapine,N-methyl-2-pyrrolidone,Water,O=C1N(C)CCC1,O,1.98,98.02
-1.3467,278.15,Clozapine,N-methyl-2-pyrrolidone,Water,O=C1N(C)CCC1,O,4.3474,95.6526
-1.2119,283.15,Clozapine,N-methyl-2-pyrrolidone,Water,O=C1N(C)CCC1,O,4.3474,95.6526
-1.0727,288.15,Clozapine,N-methyl-2-pyrrolidone,Water,O=C1N(C)CCC1,O,4.3474,95.6526
-0.949,293.15,Clozapine,N-methyl-2-pyrrolidone,Water,O=C1N(C)CCC1,O,4.3474,95.6526
-0.8293,298.15,Clozapine,N-methyl-2-pyrrolidone,Water,O=C1N(C)CCC1,O,4.3474,95.6526
-0.7164,303.15,Clozapine,N-methyl-2-pyrrolidone,Water,O=C1N(C)CCC1,O,4.3474,95.6526
-0.5896,308.15,Clozapine,N-methyl-2-pyrrolidone,Water,O=C1N(C)CCC1,O,4.3474,95.6526
-0.4826,313.15,Clozapine,N-methyl-2-pyrrolidone,Water,O=C1N(C)CCC1,O,4.3474,95.6526
-0.3777,318.15,Clozapine,N-methyl-2-pyrrolidone,Water,O=C1N(C)CCC1,O,4.3474,95.6526
-0.27,323.15,Clozapine,N-methyl-2-pyrrolidone,Water,O=C1N(C)CCC1,O,4.3474,95.6526
-0.1721,328.15,Clozapine,N-methyl-2-pyrrolidone,Water,O=C1N(C)CCC1,O,4.3474,95.6526
-0.7714,278.15,Clozapine,N-methyl-2-pyrrolidone,Water,O=C1N(C)CCC1,O,7.2282,92.7718
-0.65,283.15,Clozapine,N-methyl-2-pyrrolidone,Water,O=C1N(C)CCC1,O,7.2282,92.7718
-0.5266,288.15,Clozapine,N-methyl-2-pyrrolidone,Water,O=C1N(C)CCC1,O,7.2282,92.7718
-0.411,293.15,Clozapine,N-methyl-2-pyrrolidone,Water,O=C1N(C)CCC1,O,7.2282,92.7718
-0.3004,298.15,Clozapine,N-methyl-2-pyrrolidone,Water,O=C1N(C)CCC1,O,7.2282,92.7718
-0.2013,303.15,Clozapine,N-methyl-2-pyrrolidone,Water,O=C1N(C)CCC1,O,7.2282,92.7718
-0.1008,308.15,Clozapine,N-methyl-2-pyrrolidone,Water,O=C1N(C)CCC1,O,7.2282,92.7718
0.0078,313.15,Clozapine,N-methyl-2-pyrrolidone,Water,O=C1N(C)CCC1,O,7.2282,92.7718
0.0983,318.15,Clozapine,N-methyl-2-pyrrolidone,Water,O=C1N(C)CCC1,O,7.2282,92.7718
0.1944,323.15,Clozapine,N-methyl-2-pyrrolidone,Water,O=C1N(C)CCC1,O,7.2282,92.7718
0.2774,328.15,Clozapine,N-methyl-2-pyrrolidone,Water,O=C1N(C)CCC1,O,7.2282,92.7718
-0.3039,278.15,Clozapine,N-methyl-2-pyrrolidone,Water,O=C1N(C)CCC1,O,10.8098,89.1902
-0.1868,283.15,Clozapine,N-methyl-2-pyrrolidone,Water,O=C1N(C)CCC1,O,10.8098,89.1902
-0.0801,288.15,Clozapine,N-methyl-2-pyrrolidone,Water,O=C1N(C)CCC1,O,10.8098,89.1902
0.0091,293.15,Clozapine,N-methyl-2-pyrrolidone,Water,O=C1N(C)CCC1,O,10.8098,89.1902
0.1151,298.15,Clozapine,N-methyl-2-pyrrolidone,Water,O=C1N(C)CCC1,O,10.8098,89.1902
0.2044,303.15,Clozapine,N-methyl-2-pyrrolidone,Water,O=C1N(C)CCC1,O,10.8098,89.1902
0.3024,308.15,Clozapine,N-methyl-2-pyrrolidone,Water,O=C1N(C)CCC1,O,10.8098,89.1902
0.3919,313.15,Clozapine,N-methyl-2-pyrrolidone,Water,O=C1N(C)CCC1,O,10.8098,89.1902
0.4757,318.15,Clozapine,N-methyl-2-pyrrolidone,Water,O=C1N(C)CCC1,O,10.8098,89.1902
0.5531,323.15,Clozapine,N-methyl-2-pyrrolidone,Water,O=C1N(C)CCC1,O,10.8098,89.1902
0.6339,328.15,Clozapine,N-methyl-2-pyrrolidone,Water,O=C1N(C)CCC1,O,10.8098,89.1902
0.0789,278.15,Clozapine,N-methyl-2-pyrrolidone,Water,O=C1N(C)CCC1,O,15.3833,84.6167
0.1757,283.15,Clozapine,N-methyl-2-pyrrolidone,Water,O=C1N(C)CCC1,O,15.3833,84.6167
0.2685,288.15,Clozapine,N-methyl-2-pyrrolidone,Water,O=C1N(C)CCC1,O,15.3833,84.6167
0.3657,293.15,Clozapine,N-methyl-2-pyrrolidone,Water,O=C1N(C)CCC1,O,15.3833,84.6167
0.4528,298.15,Clozapine,N-methyl-2-pyrrolidone,Water,O=C1N(C)CCC1,O,15.3833,84.6167
0.5417,303.15,Clozapine,N-methyl-2-pyrrolidone,Water,O=C1N(C)CCC1,O,15.3833,84.6167
0.6248,308.15,Clozapine,N-methyl-2-pyrrolidone,Water,O=C1N(C)CCC1,O,15.3833,84.6167
0.702,313.15,Clozapine,N-methyl-2-pyrrolidone,Water,O=C1N(C)CCC1,O,15.3833,84.6167
0.7738,318.15,Clozapine,N-methyl-2-pyrrolidone,Water,O=C1N(C)CCC1,O,15.3833,84.6167
0.8436,323.15,Clozapine,N-methyl-2-pyrrolidone,Water,O=C1N(C)CCC1,O,15.3833,84.6167
0.9157,328.15,Clozapine,N-methyl-2-pyrrolidone,Water,O=C1N(C)CCC1,O,15.3833,84.6167
0.3645,278.15,Clozapine,N-methyl-2-pyrrolidone,Water,O=C1N(C)CCC1,O,21.4268,78.5732
0.4659,283.15,Clozapine,N-methyl-2-pyrrolidone,Water,O=C1N(C)CCC1,O,21.4268,78.5732
0.5543,288.15,Clozapine,N-methyl-2-pyrrolidone,Water,O=C1N(C)CCC1,O,21.4268,78.5732
0.6372,293.15,Clozapine,N-methyl-2-pyrrolidone,Water,O=C1N(C)CCC1,O,21.4268,78.5732
0.7178,298.15,Clozapine,N-methyl-2-pyrrolidone,Water,O=C1N(C)CCC1,O,21.4268,78.5732
0.7917,303.15,Clozapine,N-methyl-2-pyrrolidone,Water,O=C1N(C)CCC1,O,21.4268,78.5732
0.8641,308.15,Clozapine,N-methyl-2-pyrrolidone,Water,O=C1N(C)CCC1,O,21.4268,78.5732
0.9316,313.15,Clozapine,N-methyl-2-pyrrolidone,Water,O=C1N(C)CCC1,O,21.4268,78.5732
0.9993,318.15,Clozapine,N-methyl-2-pyrrolidone,Water,O=C1N(C)CCC1,O,21.4268,78.5732
1.0646,323.15,Clozapine,N-methyl-2-pyrrolidone,Water,O=C1N(C)CCC1,O,21.4268,78.5732
1.1274,328.15,Clozapine,N-methyl-2-pyrrolidone,Water,O=C1N(C)CCC1,O,21.4268,78.5732
0.5883,278.15,Clozapine,N-methyl-2-pyrrolidone,Water,O=C1N(C)CCC1,O,29.7851,70.2149
0.6669,283.15,Clozapine,N-methyl-2-pyrrolidone,Water,O=C1N(C)CCC1,O,29.7851,70.2149
0.748,288.15,Clozapine,N-methyl-2-pyrrolidone,Water,O=C1N(C)CCC1,O,29.7851,70.2149
0.8332,293.15,Clozapine,N-methyl-2-pyrrolidone,Water,O=C1N(C)CCC1,O,29.7851,70.2149
0.8996,298.15,Clozapine,N-methyl-2-pyrrolidone,Water,O=C1N(C)CCC1,O,29.7851,70.2149
0.9706,303.15,Clozapine,N-methyl-2-pyrrolidone,Water,O=C1N(C)CCC1,O,29.7851,70.2149
1.037,308.15,Clozapine,N-methyl-2-pyrrolidone,Water,O=C1N(C)CCC1,O,29.7851,70.2149
1.102,313.15,Clozapine,N-methyl-2-pyrrolidone,Water,O=C1N(C)CCC1,O,29.7851,70.2149
1.1619,318.15,Clozapine,N-methyl-2-pyrrolidone,Water,O=C1N(C)CCC1,O,29.7851,70.2149
1.2164,323.15,Clozapine,N-methyl-2-pyrrolidone,Water,O=C1N(C)CCC1,O,29.7851,70.2149
1.2719,328.15,Clozapine,N-methyl-2-pyrrolidone,Water,O=C1N(C)CCC1,O,29.7851,70.2149
0.7689,278.15,Clozapine,N-methyl-2-pyrrolidone,Water,O=C1N(C)CCC1,O,42.1027,57.8973
0.8423,283.15,Clozapine,N-methyl-2-pyrrolidone,Water,O=C1N(C)CCC1,O,42.1027,57.8973
0.9181,288.15,Clozapine,N-methyl-2-pyrrolidone,Water,O=C1N(C)CCC1,O,42.1027,57.8973
0.9846,293.15,Clozapine,N-methyl-2-pyrrolidone,Water,O=C1N(C)CCC1,O,42.1027,57.8973
1.0477,298.15,Clozapine,N-methyl-2-pyrrolidone,Water,O=C1N(C)CCC1,O,42.1027,57.8973
1.1072,303.15,Clozapine,N-methyl-2-pyrrolidone,Water,O=C1N(C)CCC1,O,42.1027,57.8973
1.1671,308.15,Clozapine,N-methyl-2-pyrrolidone,Water,O=C1N(C)CCC1,O,42.1027,57.8973
1.2261,313.15,Clozapine,N-methyl-2-pyrrolidone,Water,O=C1N(C)CCC1,O,42.1027,57.8973
1.2789,318.15,Clozapine,N-methyl-2-pyrrolidone,Water,O=C1N(C)CCC1,O,42.1027,57.8973
1.3307,323.15,Clozapine,N-methyl-2-pyrrolidone,Water,O=C1N(C)CCC1,O,42.1027,57.8973
1.381,328.15,Clozapine,N-methyl-2-pyrrolidone,Water,O=C1N(C)CCC1,O,42.1027,57.8973
0.8859,278.15,Clozapine,N-methyl-2-pyrrolidone,Water,O=C1N(C)CCC1,O,62.0665,37.9335
0.9567,283.15,Clozapine,N-methyl-2-pyrrolidone,Water,O=C1N(C)CCC1,O,62.0665,37.9335
1.0204,288.15,Clozapine,N-methyl-2-pyrrolidone,Water,O=C1N(C)CCC1,O,62.0665,37.9335
1.0804,293.15,Clozapine,N-methyl-2-pyrrolidone,Water,O=C1N(C)CCC1,O,62.0665,37.9335
1.1425,298.15,Clozapine,N-methyl-2-pyrrolidone,Water,O=C1N(C)CCC1,O,62.0665,37.9335
1.2005,303.15,Clozapine,N-methyl-2-pyrrolidone,Water,O=C1N(C)CCC1,O,62.0665,37.9335
1.2546,308.15,Clozapine,N-methyl-2-pyrrolidone,Water,O=C1N(C)CCC1,O,62.0665,37.9335
1.3057,313.15,Clozapine,N-methyl-2-pyrrolidone,Water,O=C1N(C)CCC1,O,62.0665,37.9335
1.3524,318.15,Clozapine,N-methyl-2-pyrrolidone,Water,O=C1N(C)CCC1,O,62.0665,37.9335
1.3997,323.15,Clozapine,N-methyl-2-pyrrolidone,Water,O=C1N(C)CCC1,O,62.0665,37.9335
1.447,328.15,Clozapine,N-methyl-2-pyrrolidone,Water,O=C1N(C)CCC1,O,62.0665,37.9335
0.9497,278.15,Clozapine,N-methyl-2-pyrrolidone,Water,O=C1N(C)CCC1,O,100,0
1.0172,283.15,Clozapine,N-methyl-2-pyrrolidone,Water,O=C1N(C)CCC1,O,100,0
1.0747,288.15,Clozapine,N-methyl-2-pyrrolidone,Water,O=C1N(C)CCC1,O,100,0
1.1329,293.15,Clozapine,N-methyl-2-pyrrolidone,Water,O=C1N(C)CCC1,O,100,0
1.1813,298.15,Clozapine,N-methyl-2-pyrrolidone,Water,O=C1N(C)CCC1,O,100,0
1.2328,303.15,Clozapine,N-methyl-2-pyrrolidone,Water,O=C1N(C)CCC1,O,100,0
1.2822,308.15,Clozapine,N-methyl-2-pyrrolidone,Water,O=C1N(C)CCC1,O,100,0
1.3301,313.15,Clozapine,N-methyl-2-pyrrolidone,Water,O=C1N(C)CCC1,O,100,0
1.3754,318.15,Clozapine,N-methyl-2-pyrrolidone,Water,O=C1N(C)CCC1,O,100,0
1.4161,323.15,Clozapine,N-methyl-2-pyrrolidone,Water,O=C1N(C)CCC1,O,100,0
1.4587,328.15,Clozapine,N-methyl-2-pyrrolidone,Water,O=C1N(C)CCC1,O,100,0
-1.4352,293.15,Clozapine,Dimethyl sulfoxide,Water,O=S(C)C,O,2.501,97.499
-1.3209,298.15,Clozapine,Dimethyl sulfoxide,Water,O=S(C)C,O,2.501,97.499
-1.2109,303.15,Clozapine,Dimethyl sulfoxide,Water,O=S(C)C,O,2.501,97.499
-1.0994,308.15,Clozapine,Dimethyl sulfoxide,Water,O=S(C)C,O,2.501,97.499
-1.0019,313.15,Clozapine,Dimethyl sulfoxide,Water,O=S(C)C,O,2.501,97.499
-0.8983,318.15,Clozapine,Dimethyl sulfoxide,Water,O=S(C)C,O,2.501,97.499
-0.7974,323.15,Clozapine,Dimethyl sulfoxide,Water,O=S(C)C,O,2.501,97.499
-0.6996,328.15,Clozapine,Dimethyl sulfoxide,Water,O=S(C)C,O,2.501,97.499
-0.6041,333.15,Clozapine,Dimethyl sulfoxide,Water,O=S(C)C,O,2.501,97.499
-0.4263,293.15,Clozapine,Dimethyl sulfoxide,Water,O=S(C)C,O,5.4567,94.5433
-0.3248,298.15,Clozapine,Dimethyl sulfoxide,Water,O=S(C)C,O,5.4567,94.5433
-0.2283,303.15,Clozapine,Dimethyl sulfoxide,Water,O=S(C)C,O,5.4567,94.5433
-0.1405,308.15,Clozapine,Dimethyl sulfoxide,Water,O=S(C)C,O,5.4567,94.5433
-0.059,313.15,Clozapine,Dimethyl sulfoxide,Water,O=S(C)C,O,5.4567,94.5433
0.0244,318.15,Clozapine,Dimethyl sulfoxide,Water,O=S(C)C,O,5.4567,94.5433
0.1077,323.15,Clozapine,Dimethyl sulfoxide,Water,O=S(C)C,O,5.4567,94.5433
0.1864,328.15,Clozapine,Dimethyl sulfoxide,Water,O=S(C)C,O,5.4567,94.5433
0.2656,333.15,Clozapine,Dimethyl sulfoxide,Water,O=S(C)C,O,5.4567,94.5433
0.1256,293.15,Clozapine,Dimethyl sulfoxide,Water,O=S(C)C,O,9.0033,90.9967
0.2146,298.15,Clozapine,Dimethyl sulfoxide,Water,O=S(C)C,O,9.0033,90.9967
0.2931,303.15,Clozapine,Dimethyl sulfoxide,Water,O=S(C)C,O,9.0033,90.9967
0.3731,308.15,Clozapine,Dimethyl sulfoxide,Water,O=S(C)C,O,9.0033,90.9967
0.4445,313.15,Clozapine,Dimethyl sulfoxide,Water,O=S(C)C,O,9.0033,90.9967
0.5137,318.15,Clozapine,Dimethyl sulfoxide,Water,O=S(C)C,O,9.0033,90.9967
0.5893,323.15,Clozapine,Dimethyl sulfoxide,Water,O=S(C)C,O,9.0033,90.9967
0.6589,328.15,Clozapine,Dimethyl sulfoxide,Water,O=S(C)C,O,9.0033,90.9967
0.7243,333.15,Clozapine,Dimethyl sulfoxide,Water,O=S(C)C,O,9.0033,90.9967
0.5133,293.15,Clozapine,Dimethyl sulfoxide,Water,O=S(C)C,O,13.338,86.662
0.5822,298.15,Clozapine,Dimethyl sulfoxide,Water,O=S(C)C,O,13.338,86.662
0.6554,303.15,Clozapine,Dimethyl sulfoxide,Water,O=S(C)C,O,13.338,86.662
0.7143,308.15,Clozapine,Dimethyl sulfoxide,Water,O=S(C)C,O,13.338,86.662
0.779,313.15,Clozapine,Dimethyl sulfoxide,Water,O=S(C)C,O,13.338,86.662
0.8406,318.15,Clozapine,Dimethyl sulfoxide,Water,O=S(C)C,O,13.338,86.662
0.9037,323.15,Clozapine,Dimethyl sulfoxide,Water,O=S(C)C,O,13.338,86.662
0.9556,328.15,Clozapine,Dimethyl sulfoxide,Water,O=S(C)C,O,13.338,86.662
1.0088,333.15,Clozapine,Dimethyl sulfoxide,Water,O=S(C)C,O,13.338,86.662
0.7567,293.15,Clozapine,Dimethyl sulfoxide,Water,O=S(C)C,O,18.7562,81.2438
0.8195,298.15,Clozapine,Dimethyl sulfoxide,Water,O=S(C)C,O,18.7562,81.2438
0.8834,303.15,Clozapine,Dimethyl sulfoxide,Water,O=S(C)C,O,18.7562,81.2438
0.9417,308.15,Clozapine,Dimethyl sulfoxide,Water,O=S(C)C,O,18.7562,81.2438
0.9946,313.15,Clozapine,Dimethyl sulfoxide,Water,O=S(C)C,O,18.7562,81.2438
1.052,318.15,Clozapine,Dimethyl sulfoxide,Water,O=S(C)C,O,18.7562,81.2438
1.1036,323.15,Clozapine,Dimethyl sulfoxide,Water,O=S(C)C,O,18.7562,81.2438
1.1527,328.15,Clozapine,Dimethyl sulfoxide,Water,O=S(C)C,O,18.7562,81.2438
1.196,333.15,Clozapine,Dimethyl sulfoxide,Water,O=S(C)C,O,18.7562,81.2438
0.9617,293.15,Clozapine,Dimethyl sulfoxide,Water,O=S(C)C,O,25.7221,74.2779
1.0222,298.15,Clozapine,Dimethyl sulfoxide,Water,O=S(C)C,O,25.7221,74.2779
1.0817,303.15,Clozapine,Dimethyl sulfoxide,Water,O=S(C)C,O,25.7221,74.2779
1.1344,308.15,Clozapine,Dimethyl sulfoxide,Water,O=S(C)C,O,25.7221,74.2779
1.1882,313.15,Clozapine,Dimethyl sulfoxide,Water,O=S(C)C,O,25.7221,74.2779
1.2352,318.15,Clozapine,Dimethyl sulfoxide,Water,O=S(C)C,O,25.7221,74.2779
1.2807,323.15,Clozapine,Dimethyl sulfoxide,Water,O=S(C)C,O,25.7221,74.2779
1.3279,328.15,Clozapine,Dimethyl sulfoxide,Water,O=S(C)C,O,25.7221,74.2779
1.3698,333.15,Clozapine,Dimethyl sulfoxide,Water,O=S(C)C,O,25.7221,74.2779
1.1097,293.15,Clozapine,Dimethyl sulfoxide,Water,O=S(C)C,O,35.0093,64.9907
1.1652,298.15,Clozapine,Dimethyl sulfoxide,Water,O=S(C)C,O,35.0093,64.9907
1.2195,303.15,Clozapine,Dimethyl sulfoxide,Water,O=S(C)C,O,35.0093,64.9907
1.2684,308.15,Clozapine,Dimethyl sulfoxide,Water,O=S(C)C,O,35.0093,64.9907
1.3158,313.15,Clozapine,Dimethyl sulfoxide,Water,O=S(C)C,O,35.0093,64.9907
1.3626,318.15,Clozapine,Dimethyl sulfoxide,Water,O=S(C)C,O,35.0093,64.9907
1.4065,323.15,Clozapine,Dimethyl sulfoxide,Water,O=S(C)C,O,35.0093,64.9907
1.445,328.15,Clozapine,Dimethyl sulfoxide,Water,O=S(C)C,O,35.0093,64.9907
1.4839,333.15,Clozapine,Dimethyl sulfoxide,Water,O=S(C)C,O,35.0093,64.9907
1.2084,293.15,Clozapine,Dimethyl sulfoxide,Water,O=S(C)C,O,48.0102,51.9898
1.2602,298.15,Clozapine,Dimethyl sulfoxide,Water,O=S(C)C,O,48.0102,51.9898
1.3085,303.15,Clozapine,Dimethyl sulfoxide,Water,O=S(C)C,O,48.0102,51.9898
1.3566,308.15,Clozapine,Dimethyl sulfoxide,Water,O=S(C)C,O,48.0102,51.9898
1.4015,313.15,Clozapine,Dimethyl sulfoxide,Water,O=S(C)C,O,48.0102,51.9898
1.4456,318.15,Clozapine,Dimethyl sulfoxide,Water,O=S(C)C,O,48.0102,51.9898
1.4859,323.15,Clozapine,Dimethyl sulfoxide,Water,O=S(C)C,O,48.0102,51.9898
1.5232,328.15,Clozapine,Dimethyl sulfoxide,Water,O=S(C)C,O,48.0102,51.9898
1.5601,333.15,Clozapine,Dimethyl sulfoxide,Water,O=S(C)C,O,48.0102,51.9898
1.2654,293.15,Clozapine,Dimethyl sulfoxide,Water,O=S(C)C,O,67.509,32.491
1.3155,298.15,Clozapine,Dimethyl sulfoxide,Water,O=S(C)C,O,67.509,32.491
1.3647,303.15,Clozapine,Dimethyl sulfoxide,Water,O=S(C)C,O,67.509,32.491
1.4117,308.15,Clozapine,Dimethyl sulfoxide,Water,O=S(C)C,O,67.509,32.491
1.4562,313.15,Clozapine,Dimethyl sulfoxide,Water,O=S(C)C,O,67.509,32.491
1.4959,318.15,Clozapine,Dimethyl sulfoxide,Water,O=S(C)C,O,67.509,32.491
1.535,323.15,Clozapine,Dimethyl sulfoxide,Water,O=S(C)C,O,67.509,32.491
1.5724,328.15,Clozapine,Dimethyl sulfoxide,Water,O=S(C)C,O,67.509,32.491
1.6063,333.15,Clozapine,Dimethyl sulfoxide,Water,O=S(C)C,O,67.509,32.491
1.3026,293.15,Clozapine,Dimethyl sulfoxide,Water,O=S(C)C,O,100,0
1.354,298.15,Clozapine,Dimethyl sulfoxide,Water,O=S(C)C,O,100,0
1.3961,303.15,Clozapine,Dimethyl sulfoxide,Water,O=S(C)C,O,100,0
1.4471,308.15,Clozapine,Dimethyl sulfoxide,Water,O=S(C)C,O,100,0
1.489,313.15,Clozapine,Dimethyl sulfoxide,Water,O=S(C)C,O,100,0
1.5243,318.15,Clozapine,Dimethyl sulfoxide,Water,O=S(C)C,O,100,0
1.5685,323.15,Clozapine,Dimethyl sulfoxide,Water,O=S(C)C,O,100,0
1.6002,328.15,Clozapine,Dimethyl sulfoxide,Water,O=S(C)C,O,100,0
1.6345,333.15,Clozapine,Dimethyl sulfoxide,Water,O=S(C)C,O,100,0
0.5944,293.15,Clozapine,Tetrahydrofuran,Toluene,O1CCCC1,C=1C=CC(=CC1)C,12.4311,87.5689
0.6338,298.15,Clozapine,Tetrahydrofuran,Toluene,O1CCCC1,C=1C=CC(=CC1)C,12.4311,87.5689
0.7022,303.15,Clozapine,Tetrahydrofuran,Toluene,O1CCCC1,C=1C=CC(=CC1)C,12.4311,87.5689
0.7858,308.15,Clozapine,Tetrahydrofuran,Toluene,O1CCCC1,C=1C=CC(=CC1)C,12.4311,87.5689
0.8574,313.15,Clozapine,Tetrahydrofuran,Toluene,O1CCCC1,C=1C=CC(=CC1)C,12.4311,87.5689
0.9135,318.15,Clozapine,Tetrahydrofuran,Toluene,O1CCCC1,C=1C=CC(=CC1)C,12.4311,87.5689
0.9456,323.15,Clozapine,Tetrahydrofuran,Toluene,O1CCCC1,C=1C=CC(=CC1)C,12.4311,87.5689
0.7522,293.15,Clozapine,Tetrahydrofuran,Toluene,O1CCCC1,C=1C=CC(=CC1)C,24.1969,75.8031
0.8297,298.15,Clozapine,Tetrahydrofuran,Toluene,O1CCCC1,C=1C=CC(=CC1)C,24.1969,75.8031
0.866,303.15,Clozapine,Tetrahydrofuran,Toluene,O1CCCC1,C=1C=CC(=CC1)C,24.1969,75.8031
0.924,308.15,Clozapine,Tetrahydrofuran,Toluene,O1CCCC1,C=1C=CC(=CC1)C,24.1969,75.8031
0.9836,313.15,Clozapine,Tetrahydrofuran,Toluene,O1CCCC1,C=1C=CC(=CC1)C,24.1969,75.8031
1.0291,318.15,Clozapine,Tetrahydrofuran,Toluene,O1CCCC1,C=1C=CC(=CC1)C,24.1969,75.8031
1.0879,323.15,Clozapine,Tetrahydrofuran,Toluene,O1CCCC1,C=1C=CC(=CC1)C,24.1969,75.8031
0.9052,293.15,Clozapine,Tetrahydrofuran,Toluene,O1CCCC1,C=1C=CC(=CC1)C,35.3928,64.6072
0.946,298.15,Clozapine,Tetrahydrofuran,Toluene,O1CCCC1,C=1C=CC(=CC1)C,35.3928,64.6072
0.9928,303.15,Clozapine,Tetrahydrofuran,Toluene,O1CCCC1,C=1C=CC(=CC1)C,35.3928,64.6072
1.0508,308.15,Clozapine,Tetrahydrofuran,Toluene,O1CCCC1,C=1C=CC(=CC1)C,35.3928,64.6072
1.087,313.15,Clozapine,Tetrahydrofuran,Toluene,O1CCCC1,C=1C=CC(=CC1)C,35.3928,64.6072
1.1638,318.15,Clozapine,Tetrahydrofuran,Toluene,O1CCCC1,C=1C=CC(=CC1)C,35.3928,64.6072
1.2011,323.15,Clozapine,Tetrahydrofuran,Toluene,O1CCCC1,C=1C=CC(=CC1)C,35.3928,64.6072
0.9991,293.15,Clozapine,Tetrahydrofuran,Toluene,O1CCCC1,C=1C=CC(=CC1)C,46.0074,53.9926
1.0675,298.15,Clozapine,Tetrahydrofuran,Toluene,O1CCCC1,C=1C=CC(=CC1)C,46.0074,53.9926
1.1185,303.15,Clozapine,Tetrahydrofuran,Toluene,O1CCCC1,C=1C=CC(=CC1)C,46.0074,53.9926
1.1581,308.15,Clozapine,Tetrahydrofuran,Toluene,O1CCCC1,C=1C=CC(=CC1)C,46.0074,53.9926
1.2156,313.15,Clozapine,Tetrahydrofuran,Toluene,O1CCCC1,C=1C=CC(=CC1)C,46.0074,53.9926
1.2577,318.15,Clozapine,Tetrahydrofuran,Toluene,O1CCCC1,C=1C=CC(=CC1)C,46.0074,53.9926
1.3021,323.15,Clozapine,Tetrahydrofuran,Toluene,O1CCCC1,C=1C=CC(=CC1)C,46.0074,53.9926
1.1146,293.15,Clozapine,Tetrahydrofuran,Toluene,O1CCCC1,C=1C=CC(=CC1)C,56.0158,43.9842
1.1511,298.15,Clozapine,Tetrahydrofuran,Toluene,O1CCCC1,C=1C=CC(=CC1)C,56.0158,43.9842
1.1988,303.15,Clozapine,Tetrahydrofuran,Toluene,O1CCCC1,C=1C=CC(=CC1)C,56.0158,43.9842
1.2424,308.15,Clozapine,Tetrahydrofuran,Toluene,O1CCCC1,C=1C=CC(=CC1)C,56.0158,43.9842
1.29,313.15,Clozapine,Tetrahydrofuran,Toluene,O1CCCC1,C=1C=CC(=CC1)C,56.0158,43.9842
1.3294,318.15,Clozapine,Tetrahydrofuran,Toluene,O1CCCC1,C=1C=CC(=CC1)C,56.0158,43.9842
1.3726,323.15,Clozapine,Tetrahydrofuran,Toluene,O1CCCC1,C=1C=CC(=CC1)C,56.0158,43.9842
1.1855,293.15,Clozapine,Tetrahydrofuran,Toluene,O1CCCC1,C=1C=CC(=CC1)C,65.6928,34.3072
1.2184,298.15,Clozapine,Tetrahydrofuran,Toluene,O1CCCC1,C=1C=CC(=CC1)C,65.6928,34.3072
1.2745,303.15,Clozapine,Tetrahydrofuran,Toluene,O1CCCC1,C=1C=CC(=CC1)C,65.6928,34.3072
1.315,308.15,Clozapine,Tetrahydrofuran,Toluene,O1CCCC1,C=1C=CC(=CC1)C,65.6928,34.3072
1.3565,313.15,Clozapine,Tetrahydrofuran,Toluene,O1CCCC1,C=1C=CC(=CC1)C,65.6928,34.3072
1.3966,318.15,Clozapine,Tetrahydrofuran,Toluene,O1CCCC1,C=1C=CC(=CC1)C,65.6928,34.3072
1.4313,323.15,Clozapine,Tetrahydrofuran,Toluene,O1CCCC1,C=1C=CC(=CC1)C,65.6928,34.3072
1.242,293.15,Clozapine,Tetrahydrofuran,Toluene,O1CCCC1,C=1C=CC(=CC1)C,74.8994,25.1006
1.3121,298.15,Clozapine,Tetrahydrofuran,Toluene,O1CCCC1,C=1C=CC(=CC1)C,74.8994,25.1006
1.3411,303.15,Clozapine,Tetrahydrofuran,Toluene,O1CCCC1,C=1C=CC(=CC1)C,74.8994,25.1006
1.3802,308.15,Clozapine,Tetrahydrofuran,Toluene,O1CCCC1,C=1C=CC(=CC1)C,74.8994,25.1006
1.4129,313.15,Clozapine,Tetrahydrofuran,Toluene,O1CCCC1,C=1C=CC(=CC1)C,74.8994,25.1006
1.446,318.15,Clozapine,Tetrahydrofuran,Toluene,O1CCCC1,C=1C=CC(=CC1)C,74.8994,25.1006
1.4718,323.15,Clozapine,Tetrahydrofuran,Toluene,O1CCCC1,C=1C=CC(=CC1)C,74.8994,25.1006
1.3192,293.15,Clozapine,Tetrahydrofuran,Toluene,O1CCCC1,C=1C=CC(=CC1)C,83.6091,16.3909
1.3472,298.15,Clozapine,Tetrahydrofuran,Toluene,O1CCCC1,C=1C=CC(=CC1)C,83.6091,16.3909
1.3983,303.15,Clozapine,Tetrahydrofuran,Toluene,O1CCCC1,C=1C=CC(=CC1)C,83.6091,16.3909
1.4151,308.15,Clozapine,Tetrahydrofuran,Toluene,O1CCCC1,C=1C=CC(=CC1)C,83.6091,16.3909
1.4626,313.15,Clozapine,Tetrahydrofuran,Toluene,O1CCCC1,C=1C=CC(=CC1)C,83.6091,16.3909
1.4848,318.15,Clozapine,Tetrahydrofuran,Toluene,O1CCCC1,C=1C=CC(=CC1)C,83.6091,16.3909
1.5193,323.15,Clozapine,Tetrahydrofuran,Toluene,O1CCCC1,C=1C=CC(=CC1)C,83.6091,16.3909
1.379,293.15,Clozapine,Tetrahydrofuran,Toluene,O1CCCC1,C=1C=CC(=CC1)C,91.9746,8.0254
1.4079,298.15,Clozapine,Tetrahydrofuran,Toluene,O1CCCC1,C=1C=CC(=CC1)C,91.9746,8.0254
1.4485,303.15,Clozapine,Tetrahydrofuran,Toluene,O1CCCC1,C=1C=CC(=CC1)C,91.9746,8.0254
1.4746,308.15,Clozapine,Tetrahydrofuran,Toluene,O1CCCC1,C=1C=CC(=CC1)C,91.9746,8.0254
1.5037,313.15,Clozapine,Tetrahydrofuran,Toluene,O1CCCC1,C=1C=CC(=CC1)C,91.9746,8.0254
1.5271,318.15,Clozapine,Tetrahydrofuran,Toluene,O1CCCC1,C=1C=CC(=CC1)C,91.9746,8.0254
1.5631,323.15,Clozapine,Tetrahydrofuran,Toluene,O1CCCC1,C=1C=CC(=CC1)C,91.9746,8.0254
0.4266,293.15,Clozapine,Chloroform,Toluene,ClC(Cl)Cl,C=1C=CC(=CC1)C,7.9826,92.0174
0.4945,298.15,Clozapine,Chloroform,Toluene,ClC(Cl)Cl,C=1C=CC(=CC1)C,7.9826,92.0174
0.53,303.15,Clozapine,Chloroform,Toluene,ClC(Cl)Cl,C=1C=CC(=CC1)C,7.9826,92.0174
0.5955,308.15,Clozapine,Chloroform,Toluene,ClC(Cl)Cl,C=1C=CC(=CC1)C,7.9826,92.0174
0.6949,313.15,Clozapine,Chloroform,Toluene,ClC(Cl)Cl,C=1C=CC(=CC1)C,7.9826,92.0174
0.7735,318.15,Clozapine,Chloroform,Toluene,ClC(Cl)Cl,C=1C=CC(=CC1)C,7.9826,92.0174
0.7846,323.15,Clozapine,Chloroform,Toluene,ClC(Cl)Cl,C=1C=CC(=CC1)C,7.9826,92.0174
0.4484,293.15,Clozapine,Chloroform,Toluene,ClC(Cl)Cl,C=1C=CC(=CC1)C,16.3227,83.6773
0.5186,298.15,Clozapine,Chloroform,Toluene,ClC(Cl)Cl,C=1C=CC(=CC1)C,16.3227,83.6773
0.585,303.15,Clozapine,Chloroform,Toluene,ClC(Cl)Cl,C=1C=CC(=CC1)C,16.3227,83.6773
0.6489,308.15,Clozapine,Chloroform,Toluene,ClC(Cl)Cl,C=1C=CC(=CC1)C,16.3227,83.6773
0.7303,313.15,Clozapine,Chloroform,Toluene,ClC(Cl)Cl,C=1C=CC(=CC1)C,16.3227,83.6773
0.8168,318.15,Clozapine,Chloroform,Toluene,ClC(Cl)Cl,C=1C=CC(=CC1)C,16.3227,83.6773
0.8978,323.15,Clozapine,Chloroform,Toluene,ClC(Cl)Cl,C=1C=CC(=CC1)C,16.3227,83.6773
0.5223,293.15,Clozapine,Chloroform,Toluene,ClC(Cl)Cl,C=1C=CC(=CC1)C,25.1255,74.8745
0.5649,298.15,Clozapine,Chloroform,Toluene,ClC(Cl)Cl,C=1C=CC(=CC1)C,25.1255,74.8745
0.6106,303.15,Clozapine,Chloroform,Toluene,ClC(Cl)Cl,C=1C=CC(=CC1)C,25.1255,74.8745
0.6871,308.15,Clozapine,Chloroform,Toluene,ClC(Cl)Cl,C=1C=CC(=CC1)C,25.1255,74.8745
0.7778,313.15,Clozapine,Chloroform,Toluene,ClC(Cl)Cl,C=1C=CC(=CC1)C,25.1255,74.8745
0.8264,318.15,Clozapine,Chloroform,Toluene,ClC(Cl)Cl,C=1C=CC(=CC1)C,25.1255,74.8745
0.9621,323.15,Clozapine,Chloroform,Toluene,ClC(Cl)Cl,C=1C=CC(=CC1)C,25.1255,74.8745
0.5971,293.15,Clozapine,Chloroform,Toluene,ClC(Cl)Cl,C=1C=CC(=CC1)C,34.2793,65.7207
0.6349,298.15,Clozapine,Chloroform,Toluene,ClC(Cl)Cl,C=1C=CC(=CC1)C,34.2793,65.7207
0.6678,303.15,Clozapine,Chloroform,Toluene,ClC(Cl)Cl,C=1C=CC(=CC1)C,34.2793,65.7207
0.7476,308.15,Clozapine,Chloroform,Toluene,ClC(Cl)Cl,C=1C=CC(=CC1)C,34.2793,65.7207
0.8434,313.15,Clozapine,Chloroform,Toluene,ClC(Cl)Cl,C=1C=CC(=CC1)C,34.2793,65.7207
0.9095,318.15,Clozapine,Chloroform,Toluene,ClC(Cl)Cl,C=1C=CC(=CC1)C,34.2793,65.7207
1.001,323.15,Clozapine,Chloroform,Toluene,ClC(Cl)Cl,C=1C=CC(=CC1)C,34.2793,65.7207
0.644,293.15,Clozapine,Chloroform,Toluene,ClC(Cl)Cl,C=1C=CC(=CC1)C,43.8244,56.1756
0.6673,298.15,Clozapine,Chloroform,Toluene,ClC(Cl)Cl,C=1C=CC(=CC1)C,43.8244,56.1756
0.7203,303.15,Clozapine,Chloroform,Toluene,ClC(Cl)Cl,C=1C=CC(=CC1)C,43.8244,56.1756
0.8261,308.15,Clozapine,Chloroform,Toluene,ClC(Cl)Cl,C=1C=CC(=CC1)C,43.8244,56.1756
0.8858,313.15,Clozapine,Chloroform,Toluene,ClC(Cl)Cl,C=1C=CC(=CC1)C,43.8244,56.1756
0.9597,318.15,Clozapine,Chloroform,Toluene,ClC(Cl)Cl,C=1C=CC(=CC1)C,43.8244,56.1756
1.0362,323.15,Clozapine,Chloroform,Toluene,ClC(Cl)Cl,C=1C=CC(=CC1)C,43.8244,56.1756
0.7413,293.15,Clozapine,Chloroform,Toluene,ClC(Cl)Cl,C=1C=CC(=CC1)C,53.9619,46.0381
0.799,298.15,Clozapine,Chloroform,Toluene,ClC(Cl)Cl,C=1C=CC(=CC1)C,53.9619,46.0381
0.844,303.15,Clozapine,Chloroform,Toluene,ClC(Cl)Cl,C=1C=CC(=CC1)C,53.9619,46.0381
0.9024,308.15,Clozapine,Chloroform,Toluene,ClC(Cl)Cl,C=1C=CC(=CC1)C,53.9619,46.0381
0.959,313.15,Clozapine,Chloroform,Toluene,ClC(Cl)Cl,C=1C=CC(=CC1)C,53.9619,46.0381
1.0125,318.15,Clozapine,Chloroform,Toluene,ClC(Cl)Cl,C=1C=CC(=CC1)C,53.9619,46.0381
1.0996,323.15,Clozapine,Chloroform,Toluene,ClC(Cl)Cl,C=1C=CC(=CC1)C,53.9619,46.0381
0.8442,293.15,Clozapine,Chloroform,Toluene,ClC(Cl)Cl,C=1C=CC(=CC1)C,64.5177,35.4823
0.889,298.15,Clozapine,Chloroform,Toluene,ClC(Cl)Cl,C=1C=CC(=CC1)C,64.5177,35.4823
0.93,303.15,Clozapine,Chloroform,Toluene,ClC(Cl)Cl,C=1C=CC(=CC1)C,64.5177,35.4823
0.9915,308.15,Clozapine,Chloroform,Toluene,ClC(Cl)Cl,C=1C=CC(=CC1)C,64.5177,35.4823
1.0442,313.15,Clozapine,Chloroform,Toluene,ClC(Cl)Cl,C=1C=CC(=CC1)C,64.5177,35.4823
1.0912,318.15,Clozapine,Chloroform,Toluene,ClC(Cl)Cl,C=1C=CC(=CC1)C,64.5177,35.4823
1.1955,323.15,Clozapine,Chloroform,Toluene,ClC(Cl)Cl,C=1C=CC(=CC1)C,64.5177,35.4823
0.951,293.15,Clozapine,Chloroform,Toluene,ClC(Cl)Cl,C=1C=CC(=CC1)C,75.7575,24.2425
1.0023,298.15,Clozapine,Chloroform,Toluene,ClC(Cl)Cl,C=1C=CC(=CC1)C,75.7575,24.2425
1.0379,303.15,Clozapine,Chloroform,Toluene,ClC(Cl)Cl,C=1C=CC(=CC1)C,75.7575,24.2425
1.0997,308.15,Clozapine,Chloroform,Toluene,ClC(Cl)Cl,C=1C=CC(=CC1)C,75.7575,24.2425
1.1437,313.15,Clozapine,Chloroform,Toluene,ClC(Cl)Cl,C=1C=CC(=CC1)C,75.7575,24.2425
1.2105,318.15,Clozapine,Chloroform,Toluene,ClC(Cl)Cl,C=1C=CC(=CC1)C,75.7575,24.2425
1.2825,323.15,Clozapine,Chloroform,Toluene,ClC(Cl)Cl,C=1C=CC(=CC1)C,75.7575,24.2425
1.0725,293.15,Clozapine,Chloroform,Toluene,ClC(Cl)Cl,C=1C=CC(=CC1)C,87.5539,12.4461
1.1065,298.15,Clozapine,Chloroform,Toluene,ClC(Cl)Cl,C=1C=CC(=CC1)C,87.5539,12.4461
1.1239,303.15,Clozapine,Chloroform,Toluene,ClC(Cl)Cl,C=1C=CC(=CC1)C,87.5539,12.4461
1.1594,308.15,Clozapine,Chloroform,Toluene,ClC(Cl)Cl,C=1C=CC(=CC1)C,87.5539,12.4461
1.2184,313.15,Clozapine,Chloroform,Toluene,ClC(Cl)Cl,C=1C=CC(=CC1)C,87.5539,12.4461
1.2814,318.15,Clozapine,Chloroform,Toluene,ClC(Cl)Cl,C=1C=CC(=CC1)C,87.5539,12.4461
1.3512,323.15,Clozapine,Chloroform,Toluene,ClC(Cl)Cl,C=1C=CC(=CC1)C,87.5539,12.4461
0.3841,293.15,Clozapine,"1,2-Dichloroethane",Toluene,ClCCCl,C=1C=CC(=CC1)C,9.4541,90.5459
0.4468,298.15,Clozapine,"1,2-Dichloroethane",Toluene,ClCCCl,C=1C=CC(=CC1)C,9.4541,90.5459
0.4937,303.15,Clozapine,"1,2-Dichloroethane",Toluene,ClCCCl,C=1C=CC(=CC1)C,9.4541,90.5459
0.595,308.15,Clozapine,"1,2-Dichloroethane",Toluene,ClCCCl,C=1C=CC(=CC1)C,9.4541,90.5459
0.6723,313.15,Clozapine,"1,2-Dichloroethane",Toluene,ClCCCl,C=1C=CC(=CC1)C,9.4541,90.5459
0.7596,318.15,Clozapine,"1,2-Dichloroethane",Toluene,ClCCCl,C=1C=CC(=CC1)C,9.4541,90.5459
0.8596,323.15,Clozapine,"1,2-Dichloroethane",Toluene,ClCCCl,C=1C=CC(=CC1)C,9.4541,90.5459
0.4491,293.15,Clozapine,"1,2-Dichloroethane",Toluene,ClCCCl,C=1C=CC(=CC1)C,19.0718,80.9282
0.4834,298.15,Clozapine,"1,2-Dichloroethane",Toluene,ClCCCl,C=1C=CC(=CC1)C,19.0718,80.9282
0.5604,303.15,Clozapine,"1,2-Dichloroethane",Toluene,ClCCCl,C=1C=CC(=CC1)C,19.0718,80.9282
0.6508,308.15,Clozapine,"1,2-Dichloroethane",Toluene,ClCCCl,C=1C=CC(=CC1)C,19.0718,80.9282
0.7303,313.15,Clozapine,"1,2-Dichloroethane",Toluene,ClCCCl,C=1C=CC(=CC1)C,19.0718,80.9282
0.7843,318.15,Clozapine,"1,2-Dichloroethane",Toluene,ClCCCl,C=1C=CC(=CC1)C,19.0718,80.9282
0.8877,323.15,Clozapine,"1,2-Dichloroethane",Toluene,ClCCCl,C=1C=CC(=CC1)C,19.0718,80.9282
0.4835,293.15,Clozapine,"1,2-Dichloroethane",Toluene,ClCCCl,C=1C=CC(=CC1)C,28.7496,71.2504
0.5433,298.15,Clozapine,"1,2-Dichloroethane",Toluene,ClCCCl,C=1C=CC(=CC1)C,28.7496,71.2504
0.5884,303.15,Clozapine,"1,2-Dichloroethane",Toluene,ClCCCl,C=1C=CC(=CC1)C,28.7496,71.2504
0.6937,308.15,Clozapine,"1,2-Dichloroethane",Toluene,ClCCCl,C=1C=CC(=CC1)C,28.7496,71.2504
0.7747,313.15,Clozapine,"1,2-Dichloroethane",Toluene,ClCCCl,C=1C=CC(=CC1)C,28.7496,71.2504
0.841,318.15,Clozapine,"1,2-Dichloroethane",Toluene,ClCCCl,C=1C=CC(=CC1)C,28.7496,71.2504
0.9479,323.15,Clozapine,"1,2-Dichloroethane",Toluene,ClCCCl,C=1C=CC(=CC1)C,28.7496,71.2504
0.5411,293.15,Clozapine,"1,2-Dichloroethane",Toluene,ClCCCl,C=1C=CC(=CC1)C,38.5075,61.4925
0.5862,298.15,Clozapine,"1,2-Dichloroethane",Toluene,ClCCCl,C=1C=CC(=CC1)C,38.5075,61.4925
0.6508,303.15,Clozapine,"1,2-Dichloroethane",Toluene,ClCCCl,C=1C=CC(=CC1)C,38.5075,61.4925
0.7469,308.15,Clozapine,"1,2-Dichloroethane",Toluene,ClCCCl,C=1C=CC(=CC1)C,38.5075,61.4925
0.824,313.15,Clozapine,"1,2-Dichloroethane",Toluene,ClCCCl,C=1C=CC(=CC1)C,38.5075,61.4925
0.873,318.15,Clozapine,"1,2-Dichloroethane",Toluene,ClCCCl,C=1C=CC(=CC1)C,38.5075,61.4925
0.9922,323.15,Clozapine,"1,2-Dichloroethane",Toluene,ClCCCl,C=1C=CC(=CC1)C,38.5075,61.4925
0.5873,293.15,Clozapine,"1,2-Dichloroethane",Toluene,ClCCCl,C=1C=CC(=CC1)C,48.436,51.564
0.6413,298.15,Clozapine,"1,2-Dichloroethane",Toluene,ClCCCl,C=1C=CC(=CC1)C,48.436,51.564
0.7015,303.15,Clozapine,"1,2-Dichloroethane",Toluene,ClCCCl,C=1C=CC(=CC1)C,48.436,51.564
0.7867,308.15,Clozapine,"1,2-Dichloroethane",Toluene,ClCCCl,C=1C=CC(=CC1)C,48.436,51.564
0.8652,313.15,Clozapine,"1,2-Dichloroethane",Toluene,ClCCCl,C=1C=CC(=CC1)C,48.436,51.564
0.9199,318.15,Clozapine,"1,2-Dichloroethane",Toluene,ClCCCl,C=1C=CC(=CC1)C,48.436,51.564
1.0276,323.15,Clozapine,"1,2-Dichloroethane",Toluene,ClCCCl,C=1C=CC(=CC1)C,48.436,51.564
0.6293,293.15,Clozapine,"1,2-Dichloroethane",Toluene,ClCCCl,C=1C=CC(=CC1)C,58.4785,41.5215
0.6959,298.15,Clozapine,"1,2-Dichloroethane",Toluene,ClCCCl,C=1C=CC(=CC1)C,58.4785,41.5215
0.7683,303.15,Clozapine,"1,2-Dichloroethane",Toluene,ClCCCl,C=1C=CC(=CC1)C,58.4785,41.5215
0.8339,308.15,Clozapine,"1,2-Dichloroethane",Toluene,ClCCCl,C=1C=CC(=CC1)C,58.4785,41.5215
0.9066,313.15,Clozapine,"1,2-Dichloroethane",Toluene,ClCCCl,C=1C=CC(=CC1)C,58.4785,41.5215
0.9684,318.15,Clozapine,"1,2-Dichloroethane",Toluene,ClCCCl,C=1C=CC(=CC1)C,58.4785,41.5215
1.0639,323.15,Clozapine,"1,2-Dichloroethane",Toluene,ClCCCl,C=1C=CC(=CC1)C,58.4785,41.5215
0.676,293.15,Clozapine,"1,2-Dichloroethane",Toluene,ClCCCl,C=1C=CC(=CC1)C,68.6577,31.3423
0.7355,298.15,Clozapine,"1,2-Dichloroethane",Toluene,ClCCCl,C=1C=CC(=CC1)C,68.6577,31.3423
0.8086,303.15,Clozapine,"1,2-Dichloroethane",Toluene,ClCCCl,C=1C=CC(=CC1)C,68.6577,31.3423
0.8701,308.15,Clozapine,"1,2-Dichloroethane",Toluene,ClCCCl,C=1C=CC(=CC1)C,68.6577,31.3423
0.9471,313.15,Clozapine,"1,2-Dichloroethane",Toluene,ClCCCl,C=1C=CC(=CC1)C,68.6577,31.3423
0.989,318.15,Clozapine,"1,2-Dichloroethane",Toluene,ClCCCl,C=1C=CC(=CC1)C,68.6577,31.3423
1.0916,323.15,Clozapine,"1,2-Dichloroethane",Toluene,ClCCCl,C=1C=CC(=CC1)C,68.6577,31.3423
0.7116,293.15,Clozapine,"1,2-Dichloroethane",Toluene,ClCCCl,C=1C=CC(=CC1)C,78.9969,21.0031
0.7723,298.15,Clozapine,"1,2-Dichloroethane",Toluene,ClCCCl,C=1C=CC(=CC1)C,78.9969,21.0031
0.8419,303.15,Clozapine,"1,2-Dichloroethane",Toluene,ClCCCl,C=1C=CC(=CC1)C,78.9969,21.0031
0.914,308.15,Clozapine,"1,2-Dichloroethane",Toluene,ClCCCl,C=1C=CC(=CC1)C,78.9969,21.0031
0.972,313.15,Clozapine,"1,2-Dichloroethane",Toluene,ClCCCl,C=1C=CC(=CC1)C,78.9969,21.0031
1.0317,318.15,Clozapine,"1,2-Dichloroethane",Toluene,ClCCCl,C=1C=CC(=CC1)C,78.9969,21.0031
1.1213,323.15,Clozapine,"1,2-Dichloroethane",Toluene,ClCCCl,C=1C=CC(=CC1)C,78.9969,21.0031
0.7383,293.15,Clozapine,"1,2-Dichloroethane",Toluene,ClCCCl,C=1C=CC(=CC1)C,89.4473,10.5527
0.7995,298.15,Clozapine,"1,2-Dichloroethane",Toluene,ClCCCl,C=1C=CC(=CC1)C,89.4473,10.5527
0.8638,303.15,Clozapine,"1,2-Dichloroethane",Toluene,ClCCCl,C=1C=CC(=CC1)C,89.4473,10.5527
0.9384,308.15,Clozapine,"1,2-Dichloroethane",Toluene,ClCCCl,C=1C=CC(=CC1)C,89.4473,10.5527
0.9833,313.15,Clozapine,"1,2-Dichloroethane",Toluene,ClCCCl,C=1C=CC(=CC1)C,89.4473,10.5527
1.0592,318.15,Clozapine,"1,2-Dichloroethane",Toluene,ClCCCl,C=1C=CC(=CC1)C,89.4473,10.5527
1.1345,323.15,Clozapine,"1,2-Dichloroethane",Toluene,ClCCCl,C=1C=CC(=CC1)C,89.4473,10.5527
0.6231,293.15,Clozapine,Acetone,Toluene,O=C(C)C,C=1C=CC(=CC1)C,15.0256,84.9744
0.6614,298.15,Clozapine,Acetone,Toluene,O=C(C)C,C=1C=CC(=CC1)C,15.0256,84.9744
0.734,303.15,Clozapine,Acetone,Toluene,O=C(C)C,C=1C=CC(=CC1)C,15.0256,84.9744
0.7859,308.15,Clozapine,Acetone,Toluene,O=C(C)C,C=1C=CC(=CC1)C,15.0256,84.9744
0.8678,313.15,Clozapine,Acetone,Toluene,O=C(C)C,C=1C=CC(=CC1)C,15.0256,84.9744
0.9528,318.15,Clozapine,Acetone,Toluene,O=C(C)C,C=1C=CC(=CC1)C,15.0256,84.9744
1.0144,323.15,Clozapine,Toluene,Acetone,C=1C=CC(=CC1)C,O=C(C)C,84.9744,15.0256
0.7577,293.15,Clozapine,Acetone,Toluene,O=C(C)C,C=1C=CC(=CC1)C,28.4069,71.5931
0.7823,298.15,Clozapine,Acetone,Toluene,O=C(C)C,C=1C=CC(=CC1)C,28.4069,71.5931
0.8546,303.15,Clozapine,Acetone,Toluene,O=C(C)C,C=1C=CC(=CC1)C,28.4069,71.5931
0.9247,308.15,Clozapine,Acetone,Toluene,O=C(C)C,C=1C=CC(=CC1)C,28.4069,71.5931
0.9919,313.15,Clozapine,Acetone,Toluene,O=C(C)C,C=1C=CC(=CC1)C,28.4069,71.5931
1.0562,318.15,Clozapine,Acetone,Toluene,O=C(C)C,C=1C=CC(=CC1)C,28.4069,71.5931
1.1112,323.15,Clozapine,Toluene,Acetone,C=1C=CC(=CC1)C,O=C(C)C,71.5931,28.4069
0.8437,293.15,Clozapine,Acetone,Toluene,O=C(C)C,C=1C=CC(=CC1)C,40.4682,59.5318
0.8987,298.15,Clozapine,Acetone,Toluene,O=C(C)C,C=1C=CC(=CC1)C,40.4682,59.5318
0.9475,303.15,Clozapine,Acetone,Toluene,O=C(C)C,C=1C=CC(=CC1)C,40.4682,59.5318
0.9937,308.15,Clozapine,Acetone,Toluene,O=C(C)C,C=1C=CC(=CC1)C,40.4682,59.5318
1.0592,313.15,Clozapine,Acetone,Toluene,O=C(C)C,C=1C=CC(=CC1)C,40.4682,59.5318
1.1211,318.15,Clozapine,Acetone,Toluene,O=C(C)C,C=1C=CC(=CC1)C,40.4682,59.5318
1.1664,323.15,Clozapine,Toluene,Acetone,C=1C=CC(=CC1)C,O=C(C)C,59.5318,40.4682
0.8958,293.15,Clozapine,Acetone,Toluene,O=C(C)C,C=1C=CC(=CC1)C,51.406,48.594
0.9428,298.15,Clozapine,Acetone,Toluene,O=C(C)C,C=1C=CC(=CC1)C,51.406,48.594
0.9958,303.15,Clozapine,Acetone,Toluene,O=C(C)C,C=1C=CC(=CC1)C,51.406,48.594
1.039,308.15,Clozapine,Acetone,Toluene,O=C(C)C,C=1C=CC(=CC1)C,51.406,48.594
1.1035,313.15,Clozapine,Acetone,Toluene,O=C(C)C,C=1C=CC(=CC1)C,51.406,48.594
1.1557,318.15,Clozapine,Acetone,Toluene,O=C(C)C,C=1C=CC(=CC1)C,51.406,48.594
1.2039,323.15,Clozapine,Toluene,Acetone,C=1C=CC(=CC1)C,O=C(C)C,48.594,51.406
0.9225,293.15,Clozapine,Acetone,Toluene,O=C(C)C,C=1C=CC(=CC1)C,61.3608,38.6392
0.9748,298.15,Clozapine,Acetone,Toluene,O=C(C)C,C=1C=CC(=CC1)C,61.3608,38.6392
1.0234,303.15,Clozapine,Acetone,Toluene,O=C(C)C,C=1C=CC(=CC1)C,61.3608,38.6392
1.0769,308.15,Clozapine,Acetone,Toluene,O=C(C)C,C=1C=CC(=CC1)C,61.3608,38.6392
1.1264,313.15,Clozapine,Acetone,Toluene,O=C(C)C,C=1C=CC(=CC1)C,61.3608,38.6392
1.1863,318.15,Clozapine,Acetone,Toluene,O=C(C)C,C=1C=CC(=CC1)C,61.3608,38.6392
1.2301,323.15,Clozapine,Toluene,Acetone,C=1C=CC(=CC1)C,O=C(C)C,38.6392,61.3608
0.9291,293.15,Clozapine,Acetone,Toluene,O=C(C)C,C=1C=CC(=CC1)C,70.3813,29.6187
0.9925,298.15,Clozapine,Acetone,Toluene,O=C(C)C,C=1C=CC(=CC1)C,70.3813,29.6187
1.0296,303.15,Clozapine,Acetone,Toluene,O=C(C)C,C=1C=CC(=CC1)C,70.3813,29.6187
1.0902,308.15,Clozapine,Acetone,Toluene,O=C(C)C,C=1C=CC(=CC1)C,70.3813,29.6187
1.1321,313.15,Clozapine,Acetone,Toluene,O=C(C)C,C=1C=CC(=CC1)C,70.3813,29.6187
1.1854,318.15,Clozapine,Acetone,Toluene,O=C(C)C,C=1C=CC(=CC1)C,70.3813,29.6187
1.2302,323.15,Clozapine,Toluene,Acetone,C=1C=CC(=CC1)C,O=C(C)C,29.6187,70.3813
0.9254,293.15,Clozapine,Acetone,Toluene,O=C(C)C,C=1C=CC(=CC1)C,78.7598,21.2402
0.979,298.15,Clozapine,Acetone,Toluene,O=C(C)C,C=1C=CC(=CC1)C,78.7598,21.2402
0.9998,303.15,Clozapine,Acetone,Toluene,O=C(C)C,C=1C=CC(=CC1)C,78.7598,21.2402
1.0643,308.15,Clozapine,Acetone,Toluene,O=C(C)C,C=1C=CC(=CC1)C,78.7598,21.2402
1.1274,313.15,Clozapine,Acetone,Toluene,O=C(C)C,C=1C=CC(=CC1)C,78.7598,21.2402
1.1897,318.15,Clozapine,Acetone,Toluene,O=C(C)C,C=1C=CC(=CC1)C,78.7598,21.2402
1.2408,323.15,Clozapine,Toluene,Acetone,C=1C=CC(=CC1)C,O=C(C)C,21.2402,78.7598
0.9043,293.15,Clozapine,Acetone,Toluene,O=C(C)C,C=1C=CC(=CC1)C,86.4212,13.5788
0.9558,298.15,Clozapine,Acetone,Toluene,O=C(C)C,C=1C=CC(=CC1)C,86.4212,13.5788
0.9901,303.15,Clozapine,Acetone,Toluene,O=C(C)C,C=1C=CC(=CC1)C,86.4212,13.5788
1.0527,308.15,Clozapine,Acetone,Toluene,O=C(C)C,C=1C=CC(=CC1)C,86.4212,13.5788
1.1091,313.15,Clozapine,Acetone,Toluene,O=C(C)C,C=1C=CC(=CC1)C,86.4212,13.5788
1.1702,318.15,Clozapine,Acetone,Toluene,O=C(C)C,C=1C=CC(=CC1)C,86.4212,13.5788
1.2025,323.15,Clozapine,Toluene,Acetone,C=1C=CC(=CC1)C,O=C(C)C,13.5788,86.4212
0.8699,293.15,Clozapine,Acetone,Toluene,O=C(C)C,C=1C=CC(=CC1)C,93.4263,6.5737
0.9251,298.15,Clozapine,Acetone,Toluene,O=C(C)C,C=1C=CC(=CC1)C,93.4263,6.5737
0.9449,303.15,Clozapine,Acetone,Toluene,O=C(C)C,C=1C=CC(=CC1)C,93.4263,6.5737
1.0155,308.15,Clozapine,Acetone,Toluene,O=C(C)C,C=1C=CC(=CC1)C,93.4263,6.5737
1.0775,313.15,Clozapine,Acetone,Toluene,O=C(C)C,C=1C=CC(=CC1)C,93.4263,6.5737
1.1284,318.15,Clozapine,Acetone,Toluene,O=C(C)C,C=1C=CC(=CC1)C,93.4263,6.5737
1.1342,323.15,Clozapine,Toluene,Acetone,C=1C=CC(=CC1)C,O=C(C)C,6.5737,93.4263
-3.2597,278.15,Clozapine,2-Propanol,Water,OC(C)C,O,0,100
-3.1106,283.15,Clozapine,2-Propanol,Water,OC(C)C,O,0,100
-2.9748,288.15,Clozapine,2-Propanol,Water,OC(C)C,O,0,100
-2.8351,293.15,Clozapine,2-Propanol,Water,OC(C)C,O,0,100
-2.7128,298.15,Clozapine,2-Propanol,Water,OC(C)C,O,0,100
-2.5811,303.15,Clozapine,2-Propanol,Water,OC(C)C,O,0,100
-2.4632,308.15,Clozapine,2-Propanol,Water,OC(C)C,O,0,100
-2.3456,313.15,Clozapine,2-Propanol,Water,OC(C)C,O,0,100
-2.2373,318.15,Clozapine,2-Propanol,Water,OC(C)C,O,0,100
-2.1203,323.15,Clozapine,2-Propanol,Water,OC(C)C,O,0,100
-2.016,328.15,Clozapine,2-Propanol,Water,OC(C)C,O,0,100
-1.9167,333.15,Clozapine,Dimethyl sulfoxide,Water,O=S(C)C,O,0,100
